{"cameraMode":{"drawMode":0,"name":"Shaded","section":"Shading Mode"},"sceneLighting":true,"audioPlay":false,"sceneViewState":{"m_AlwaysRefresh":false,"showFog":true,"showSkybox":true,"showFlares":true,"showImageEffects":true,"showParticleSystems":true,"showVisualEffectGraphs":true,"m_FxEnabled":true},"in2DMode":false,"pivot":{"x":274.66082763671877,"y":266.44317626953127,"z":23.98992919921875},"rotation":{"x":-0.08090386539697647,"y":0.014950492419302464,"z":0.001208817702718079,"w":0.9966287612915039},"size":385.2863464355469,"orthographic":true}