{"cameraMode":{"drawMode":0,"name":"Shaded","section":"Shading Mode"},"sceneLighting":false,"audioPlay":false,"sceneViewState":{"m_AlwaysRefresh":false,"showFog":true,"showSkybox":false,"showFlares":true,"showImageEffects":true,"showParticleSystems":true,"showVisualEffectGraphs":true,"m_FxEnabled":true},"in2DMode":false,"pivot":{"x":0.2977448105812073,"y":1.4901161193847657e-8,"z":0.16753160953521729},"rotation":{"x":-0.09330842643976212,"y":0.8959959149360657,"z":-0.2252664417028427,"w":-0.3711336851119995},"size":1.3812065124511719,"orthographic":false}